5.913152730403083563e+08,5.001256869626156458e+02,2.356194490192344837e+00,3.141592653589793116e+00,-1.371787155501901978e+01,2.234021442552741821e+00,3.141592653589793116e+00,3.816382450816670158e+00,2.356194490192344837e+00,0.000000000000000000e+00,-1.371787155501901978e+01,2.234021442552741821e+00,0.000000000000000000e+00,3.816382450816670158e+00,0.000000000000000000e+00,0.000000000000000000e+00,4.400000000000000355e+00,2.820000000000000024e-03,2.820000000000000024e-03,-4.000000000000000000e+01,8.000000000000000000e+01,5.800000000000000000e+02,0.000000000000000000e+00,0.000000000000000000e+00,-1.570796326794896780e+00
1.061891053282578439e+08,3.965868317526615670e+02,2.364406331780971815e+00,2.749216238338708873e+00,-8.274645965808367976e+01,2.179565340397813245e+00,2.830034904981391986e+00,-5.965467083295715156e+01,2.320790978948030325e+00,9.952526480314791146e-02,-4.146267129325579504e+01,2.224956881768143102e+00,1.133065554689832999e-01,-7.250497041356778638e+00,9.124206278781871182e-02,-3.834292953677902460e-01,6.534864755000404202e+00,4.349088263158067472e-03,4.469539662235771232e-03,2.275045896949557545e+01,2.563193278321073620e+01,6.062313012935466077e+02,7.921004562748060196e-02,2.464086916433443630e-01,-1.522788102754319306e+00
6.530618286050935090e+07,1.749721569974495026e+02,2.373107700458201297e+00,2.718601388394323859e+00,-1.062670885469143940e+02,2.163250848085624511e+00,2.814225265913754992e+00,-3.391674959896521102e+01,2.315561707777879619e+00,3.770832948765188986e-02,-4.279026788297635875e+01,2.234828669010092472e+00,8.845427659795276898e-02,6.813642200861583120e+00,-8.233708067677106279e-02,-3.443177425507992218e-01,7.378526249339591558e+00,3.844797056366803210e-03,4.087156015181549369e-03,1.647042538921896693e+01,2.584790151153126914e+01,7.075300782007376483e+02,1.360826575568461483e-01,3.560642690666303567e-01,-1.507478882152531341e+00
3.878352560056515783e+07,1.200841748666187954e+02,2.380034381707283764e+00,2.889358291470816464e+00,-8.506143104954809075e+01,2.176681375118515671e+00,2.973793553294967307e+00,-2.951290145497476658e+01,2.324568327012848989e+00,1.484332470280903815e-01,-5.768264240173022017e+01,2.212260980103948782e+00,1.507146741727672656e-01,2.230155458554761161e+00,5.401546169831458744e-02,-8.005307870553599603e-01,6.841133024195796608e+00,4.134228293619523868e-03,4.316280561721569896e-03,2.318045204891664568e+01,8.219890816601353123e+00,6.327687285471885161e+02,9.907869100457705747e-02,2.973400069746265362e-01,-1.540493126034855109e+00
5.235141769461105764e+07,6.606946365795410259e+01,2.376183757719692036e+00,2.894504185069172841e+00,-8.075217657037819663e+01,2.182073957785886531e+00,2.968427085449351743e+00,-3.120878027497483131e+01,2.314238419412751657e+00,1.402360489682590028e-01,-5.127592901308092621e+01,2.223107824532019716e+00,1.484788714854634595e-01,-5.404404407537580113e+00,-1.622696879271844084e-02,-8.908140908296705573e-01,6.807140107788758776e+00,4.091405023397089169e-03,4.291278700524358072e-03,1.990800983171664384e+01,-9.769986086651094581e+00,6.578452070591315533e+02,1.208693610808293240e-01,3.149135247945538674e-01,-1.542525906924406165e+00
8.046789187250123359e+06,2.142925488136657108e+01,2.384886350945975675e+00,2.902628661306930535e+00,-8.655922147791278576e+01,2.173029867785640334e+00,2.977577243511870364e+00,-2.420563626537499502e+01,2.321191322512688338e+00,1.513798746429496078e-01,-5.807962744939963784e+01,2.214155695419003145e+00,1.578810962410136798e-01,-6.250353033481532705e-01,-2.755019326890824002e-02,-7.647561780041308710e-01,6.921149310270997113e+00,4.121668801911709118e-03,4.292819437273215702e-03,1.865637904661436153e+01,4.839932340136764211e+00,6.454301437016202954e+02,1.048927579320620834e-01,3.199830900382078513e-01,-1.541936341463265858e+00
3.514356998453003354e+06,5.962279871113215002e+00,2.382444868939593174e+00,2.911186917221968873e+00,-8.371905324750936472e+01,2.177311814789745892e+00,2.981291659762412394e+00,-2.631369688401234086e+01,2.316313472649942362e+00,1.526824019911948438e-01,-5.504382921933353856e+01,2.218967631084114434e+00,1.619687045292488858e-01,-4.316455288501890308e+00,-5.387432799126638805e-02,-8.211746305529699086e-01,6.905964575431065455e+00,4.094902530824833832e-03,4.311518133694054386e-03,1.771888204788696086e+01,-2.392366393564024030e+00,6.549662934473215046e+02,1.108277983228608404e-01,3.092110140142197983e-01,-1.546158573897144617e+00
3.999756830960478983e+05,3.274667950853780596e+00,2.384209001681170115e+00,2.904455233780905754e+00,-8.503087976738599707e+01,2.174826049845634213e+00,2.976495761868111600e+00,-2.497478652371741603e+01,2.318635632690227322e+00,1.487175101389534848e-01,-5.545410762481604650e+01,2.217612575104711325e+00,1.583716746375268547e-01,-3.237808414613357222e+00,-4.569243061144057788e-02,-7.970322310780486585e-01,6.926418123559217932e+00,4.136863366264076532e-03,4.350706606121045907e-03,1.727287984543333721e+01,5.134883757178672070e-01,6.475095135061388874e+02,1.036451434524391368e-01,3.150080799827301159e-01,-1.545048057902886463e+00
1.264990858875259582e+05,3.232681862492369884e+00,2.383453309528674513e+00,2.904605189324465098e+00,-8.460148144777062384e+01,2.175520193320087170e+00,2.975983617927454361e+00,-2.596899329789883382e+01,2.318536732678582180e+00,1.478613626060915898e-01,-5.553886012711020470e+01,2.217647709083310215e+00,1.585525712467178716e-01,-2.942412967385455769e+00,-4.599261683850913718e-02,-7.984203874100619380e-01,6.921586778909166071e+00,4.127731352042838392e-03,4.347216947535850230e-03,1.775921254022174622e+01,-1.568589816531493764e-01,6.486199972858048568e+02,1.067686908303359800e-01,3.020765174764452610e-01,-1.544495117364245607e+00
2.583618781642716931e+04,3.125977487947042555e+00,2.383481416340532011e+00,2.904312461499577225e+00,-8.469372500690724337e+01,2.175497540655153994e+00,2.976045280616888444e+00,-2.576190949111076733e+01,2.318478488177294849e+00,1.481929821878444631e-01,-5.545338401878805001e+01,2.217688155960597651e+00,1.582471709116474445e-01,-3.063649283208974783e+00,-4.447451580373869284e-02,-7.996757576804452983e-01,6.921856656725049461e+00,4.126328118924131247e-03,4.347083863580875930e-03,1.771664413726623266e+01,1.231481924806474004e-02,6.485800474807570026e+02,1.030928677711642205e-01,3.084894034721253897e-01,-1.545124628343507611e+00
2.365651862481272838e+05,3.101677804864180654e+00,2.383499205462633608e+00,2.904307876577385095e+00,-8.470756195843517844e+01,2.175483483991831779e+00,2.976061057833841783e+00,-2.572003299049235991e+01,2.318454727083225198e+00,1.481527793584964392e-01,-5.544887165992536637e+01,2.217706181176194224e+00,1.582784510810856526e-01,-3.074277160450446189e+00,-4.404410836746261437e-02,-7.994394033129864630e-01,6.921496840948606177e+00,4.126560751499518467e-03,4.347012525141691341e-03,1.768882077406454201e+01,-1.830324549370282786e-02,6.487178163777223290e+02,1.087362069776594692e-01,3.053800952384699285e-01,-1.544866970943140183e+00
8.093842064031481277e+04,2.773131306103025384e+00,2.383496015592364348e+00,2.904326898351885955e+00,-8.471021978370875161e+01,2.175486773904020676e+00,2.976044663191762751e+00,-2.571738137155889703e+01,2.318460798499329290e+00,1.481596154393925169e-01,-5.544414915134322541e+01,2.217699852231898472e+00,1.582717053909673821e-01,-3.079446130420078198e+00,-4.410314851280974779e-02,-7.994613090102736797e-01,6.921602395569482979e+00,4.126495404576371526e-03,4.346481869425379910e-03,1.769665917497525243e+01,-1.597332636081231008e-02,6.486879770509934815e+02,1.065090007803342620e-01,3.059752866149798023e-01,-1.544843422653539244e+00
2.920782201475329930e+04,2.721221752200814858e+00,2.383500067833444813e+00,2.904341462457511014e+00,-8.470789720197323902e+01,2.175482790326791704e+00,2.976034548377125333e+00,-2.571912386423479546e+01,2.318464961011541980e+00,1.481551412757745601e-01,-5.544097911948801283e+01,2.217695213267338428e+00,1.582741019948371020e-01,-3.083067051177269757e+00,-4.409096954127050133e-02,-7.994251823131733881e-01,6.921668471634578879e+00,4.126476874170245321e-03,4.346256318453427421e-03,1.769664558563693646e+01,-2.108164154591840936e-02,6.487161722197098470e+02,1.042309169877496527e-01,3.072771888810397201e-01,-1.544876529704004131e+00
5.870140634050212975e+04,2.709383125791328339e+00,2.383500161849528176e+00,2.904342703667353476e+00,-8.470846052077939703e+01,2.175482782290297123e+00,2.976033950645108117e+00,-2.571799839838491053e+01,2.318464810701979406e+00,1.481555191310084119e-01,-5.544097582686631398e+01,2.217695311481716391e+00,1.582735151383997674e-01,-3.083116096860207822e+00,-4.408676357682176500e-02,-7.994139965016505700e-01,6.921625834078128037e+00,4.126512024368992650e-03,4.346317475379173241e-03,1.769670874537123950e+01,-2.235166741249871442e-02,6.487241968375528813e+02,1.049812156687891379e-01,3.070697336938177924e-01,-1.544880402657578866e+00
9.673069569689854688e+03,2.705928530240480079e+00,2.383500573278038992e+00,2.904345824369002571e+00,-8.470946055269729413e+01,2.175482591187495096e+00,2.976033039040353767e+00,-2.571569310527447172e+01,2.318464841581985514e+00,1.481518172212480666e-01,-5.544045316892493247e+01,2.217695051048515165e+00,1.582761909052618210e-01,-3.083863075416292343e+00,-4.407317950846315752e-02,-7.993871974595030405e-01,6.921596201133660919e+00,4.126565813292339298e-03,4.346070215376831442e-03,1.769658733443499088e+01,-2.572792767636188083e-02,6.487332022192528029e+02,1.051614272721291404e-01,3.071391304742898121e-01,-1.544886723586030408e+00
3.484212433486041118e+04,2.701141337337338300e+00,2.383502659893191655e+00,2.904355227474181955e+00,-8.471067268444195975e+01,2.175480916710254231e+00,2.976028446899134483e+00,-2.571172053622760245e+01,2.318465883794586624e+00,1.481468172006596695e-01,-5.543822355451562345e+01,2.217693412065089742e+00,1.582789817625391282e-01,-3.086739783893875266e+00,-4.403977732984711013e-02,-7.993293408555330881e-01,6.921576701387035513e+00,4.126629806316624294e-03,4.345763859427642650e-03,1.769625034662445273e+01,-3.315054746197385743e-02,6.487548921024235824e+02,1.051875070164569326e-01,3.073494592964953198e-01,-1.544874644880253722e+00
1.634465999460810417e+04,2.694091682967377999e+00,2.383506416279022488e+00,2.904374125736671086e+00,-8.471471847941475630e+01,2.175478060612318298e+00,2.976017728905829163e+00,-2.570051493883352123e+01,2.318465610941059296e+00,1.481299940150195282e-01,-5.543331346546433025e+01,2.217692145326484621e+00,1.582903613353511263e-01,-3.093371962423746790e+00,-4.393934862571521882e-02,-7.992343084270815412e-01,6.921571213644274856e+00,4.126672635896704716e-03,4.345496853607594238e-03,1.769418781100026905e+01,-4.604002448928104507e-02,6.487855982261097552e+02,1.051531583200878694e-01,3.078144712268368055e-01,-1.544858768037022267e+00
2.755733080809588500e+04,2.685814480018505090e+00,2.383512808318584142e+00,2.904404900811221157e+00,-8.472540249646591803e+01,2.175472933031951328e+00,2.975991329687571962e+00,-2.567283585379337651e+01,2.318459672013103656e+00,1.481028099243652529e-01,-5.542186120069883515e+01,2.217694282562885810e+00,1.583062495995720131e-01,-3.109263013876082837e+00,-4.366673150951211335e-02,-7.991358965015019633e-01,6.921617487919029976e+00,4.126543721875242619e-03,4.345481861965677650e-03,1.768780904182401770e+01,-6.289646880047877753e-02,6.488226454536795700e+02,1.047400850154236868e-01,3.075848135507994185e-01,-1.544847361695574905e+00
4.235412594363204698e+04,2.685472623728752506e+00,2.383512349904620464e+00,2.904404376252608611e+00,-8.472590320041447853e+01,2.175473427107025071e+00,2.975991933046720384e+00,-2.567206794288668092e+01,2.318459646980109756e+00,1.481007666057725103e-01,-5.542163313889231802e+01,2.217694245822723342e+00,1.583080252635681862e-01,-3.109546465462377451e+00,-4.366520016408249188e-02,-7.991366050128008158e-01,6.921628696047936735e+00,4.126532352797599758e-03,4.345460084217896320e-03,1.768803373392955081e+01,-6.284335284401247612e-02,6.488183963609698139e+02,1.045534851111007968e-01,3.077858934262170387e-01,-1.544843760651892328e+00
6.125985441043405444e+03,2.684533696865917030e+00,2.383512635400615753e+00,2.904404210459562208e+00,-8.472566953907238485e+01,2.175473125340335656e+00,2.975991986084309371e+00,-2.567232189457852343e+01,2.318459716743197951e+00,1.481010961212790300e-01,-5.542154735022442225e+01,2.217694165406214335e+00,1.583076881718556983e-01,-3.109646426572094668e+00,-4.366349560013040032e-02,-7.991358644946768841e-01,6.921632584233900154e+00,4.126528968256481036e-03,4.345470764274289403e-03,1.768787304449756093e+01,-6.294499214442961232e-02,6.488199542656791436e+02,1.045942517824136331e-01,3.077625911234996847e-01,-1.544844534606199415e+00
2.971561231469841005e+03,2.684371527090946952e+00,2.383512791316944490e+00,2.904404594192628863e+00,-8.472566759022831206e+01,2.175472968521309003e+00,2.975991579302374568e+00,-2.567220206391542092e+01,2.318459612876484055e+00,1.481013943432454016e-01,-5.542148783188822136e+01,2.217694236682334896e+00,1.583073088756626612e-01,-3.109737852467272301e+00,-4.366036720263773152e-02,-7.991343514336677334e-01,6.921631558662173056e+00,4.126528210962118401e-03,4.345484113718829644e-03,1.768773016913954521e+01,-6.314297191581824675e-02,6.488211530780255316e+02,1.046705137219151177e-01,3.077543547344352426e-01,-1.544844558927142453e+00
5.576180727157621732e+03,2.684264150945767646e+00,2.383512765022159918e+00,2.904404766065126875e+00,-8.472588493667490184e+01,2.175473009075424624e+00,2.975991397223650026e+00,-2.567174228842045025e+01,2.318459537552009397e+00,1.481011445468164156e-01,-5.542131240507097090e+01,2.217694254370237150e+00,1.583073880087915997e-01,-3.109970637526604520e+00,-4.365691542064718822e-02,-7.991326517119948791e-01,6.921632739176571292e+00,4.126526027754204469e-03,4.345474579037895101e-03,1.768772743737541830e+01,-6.337971783481408106e-02,6.488211664294954062e+02,1.046649029544228365e-01,3.077835585722505374e-01,-1.544843444334413007e+00
2.524942337910448259e+03,2.684166555214003047e+00,2.383512922339519502e+00,2.904404892413074091e+00,-8.472595289967114240e+01,2.175472855293849594e+00,2.975991194133534190e+00,-2.567145286135695059e+01,2.318459437306880311e+00,1.481010414227376670e-01,-5.542115627537992850e+01,2.217694297418343563e+00,1.583073265073492719e-01,-3.110179057811129688e+00,-4.365224355459720873e-02,-7.991308976195660163e-01,6.921633118799110029e+00,4.126524401764860434e-03,4.345467062408212705e-03,1.768757034215765600e+01,-6.363669348017084171e-02,6.488225238435642268e+02,1.046981330757900258e-01,3.077831907589678173e-01,-1.544843039229673698e+00
4.748417026072011140e+03,2.684072619414818117e+00,2.383512889243814659e+00,2.904405130605837382e+00,-8.472617435010012343e+01,2.175472901387094371e+00,2.975990933368345193e+00,-2.567098998799787424e+01,2.318459387580528830e+00,1.481008239678675009e-01,-5.542096426378508767e+01,2.217694289123413487e+00,1.583073750319614059e-01,-3.110431211898460724e+00,-4.364901470778691922e-02,-7.991295098063001534e-01,6.921633798447548003e+00,4.126522420110580527e-03,4.345455529157916941e-03,1.768759547388241415e+01,-6.385088713647993353e-02,6.488226602675001686e+02,1.046686420917929267e-01,3.078077263747901471e-01,-1.544842240532410926e+00
2.478747201645419409e+03,2.683981248070963055e+00,2.383513046407144120e+00,2.904405261718721043e+00,-8.472624086110857888e+01,2.175472746744576913e+00,2.975990711538492928e+00,-2.567070410307708528e+01,2.318459275671596487e+00,1.481006930819060985e-01,-5.542082226765734276e+01,2.217694345549049650e+00,1.583073431362565786e-01,-3.110624396920568469e+00,-4.364433026233473234e-02,-7.991280415999845177e-01,6.921633048382967779e+00,4.126521303153373246e-03,4.345449740444867238e-03,1.768743005992797990e+01,-6.409087232182056337e-02,6.488241996236336036e+02,1.047018404414668258e-01,3.078025071114149358e-01,-1.544842170259584924e+00
4.746672624725115384e+03,2.683893521324988818e+00,2.383512995799067280e+00,2.904405492559858359e+00,-8.472647324430714377e+01,2.175472810322982120e+00,2.975990451001734982e+00,-2.567023209204810996e+01,2.318459238585798943e+00,1.481004787833739289e-01,-5.542062364854714929e+01,2.217694325098713115e+00,1.583073907360076638e-01,-3.110878257633684640e+00,-4.364130756278994383e-02,-7.991267836844380135e-01,6.921633533167184993e+00,4.126519276389579126e-03,4.345439310997839880e-03,1.768747803811149666e+01,-6.427279118430233307e-02,6.488242956655672060e+02,1.046653513372035466e-01,3.078253360543807826e-01,-1.544841497313255818e+00
2.477207356472703395e+03,2.683807581798195674e+00,2.383513158024131329e+00,2.904405608640721503e+00,-8.472652989479894359e+01,2.175472649298759720e+00,2.975990232661025914e+00,-2.566996358455978822e+01,2.318459116477356474e+00,1.481003462195409071e-01,-5.542049429915510217e+01,2.217694393478785386e+00,1.583073643074539294e-01,-3.111057624114828890e+00,-4.363660464586006926e-02,-7.991254620659454799e-01,6.921632408057285524e+00,4.126518244054058239e-03,4.345435357386569046e-03,1.768730132883502293e+01,-6.448379301840073685e-02,6.488259095970763610e+02,1.047010950857274192e-01,3.078173164649245508e-01,-1.544841614950756226e+00
4.988305848369274827e+03,2.683724928570498047e+00,2.383513091202607903e+00,2.904405834082540050e+00,-8.472676725161548461e+01,2.175472728825296187e+00,2.975989975036088531e+00,-2.566949398920277758e+01,2.318459087917904338e+00,1.481001356576571726e-01,-5.542029581538265148e+01,2.217694366182122234e+00,1.583074136000213461e-01,-3.111310409376709440e+00,-4.363382134066220996e-02,-7.991243490184329890e-01,6.921632948975585897e+00,4.126516083919304009e-03,4.345425539675890764e-03,1.768736775038344433e+01,-6.466077876115797207e-02,6.488258978613617955e+02,1.046602223026823070e-01,3.078399965228375557e-01,-1.544840949914795036e+00
2.511274741825571255e+03,2.683643486505399967e+00,2.383513259048859911e+00,2.904405937796539661e+00,-8.472681180846697657e+01,2.175472560797231392e+00,2.975989759987334615e+00,-2.566924611834026848e+01,2.318458959650857576e+00,1.481000009419693453e-01,-5.542017656722086372e+01,2.217694442570300684e+00,1.583073938157912308e-01,-3.111476019740065713e+00,-4.362912981220012920e-02,-7.991231788027096661e-01,6.921631685488377705e+00,4.126515011023182238e-03,4.345422781231189809e-03,1.768717966961572685e+01,-6.485701610274334505e-02,6.488275518351543951e+02,1.046983063295157945e-01,3.078300132074389683e-01,-1.544841146985998837e+00
5.267102804384003321e+03,2.683564932348716070e+00,2.383513178446791336e+00,2.904406157902041041e+00,-8.472705274666304831e+01,2.175472653820734514e+00,2.975989505971480931e+00,-2.566878014606604097e+01,2.318458936368725798e+00,1.480997963188243893e-01,-5.541998000586144002e+01,2.217694411591960790e+00,1.583074422658152791e-01,-3.111727824056664371e+00,-4.362654764699797766e-02,-7.991221771348301361e-01,6.921632308989751792e+00,4.126512726671725979e-03,4.345413493961951430e-03,1.768725940454245205e+01,-6.502761530563143377e-02,6.488274349136235060e+02,1.046544552430297009e-01,3.078527802937863211e-01,-1.544840485030186672e+00
2.552949718802647112e+03,2.683487161743958183e+00,2.383513350763708960e+00,2.904406246132500424e+00,-8.472708723784957385e+01,2.175472480146852128e+00,2.975989298245171444e+00,-2.566854927983753853e+01,2.318458802946971709e+00,1.480996647073355155e-01,-5.541986888484665030e+01,2.217694494557982843e+00,1.583074229666086574e-01,-3.111884458214527971e+00,-4.362186256763839892e-02,-7.991211062682220811e-01,6.921631000241624143e+00,4.126511585833899862e-03,4.345411708629792411e-03,1.768706249270458031e+01,-6.520292291023502274e-02,6.488291101376038341e+02,1.046943857513250448e-01,3.078413103795336059e-01,-1.544840747481643684e+00
5.552006589642400286e+03,2.683412476156944226e+00,2.383513258849769834e+00,2.904406455172097168e+00,-8.472733157896341538e+01,2.175472584254400044e+00,2.975989052630374054e+00,-2.566808417927738617e+01,2.318458782853165534e+00,1.480994719963404371e-01,-5.541967331409964714e+01,2.217694461369092984e+00,1.583074629654488141e-01,-3.112132527847115693e+00,-4.361942056121500405e-02,-7.991201434883558052e-01,6.921631736348525799e+00,4.126509171225288715e-03,4.345403038882548509e-03,1.768715259031886333e+01,-6.534998854711548955e-02,6.488289007268920159e+02,1.046480446291766786e-01,3.078641272230180914e-01,-1.544840103404114595e+00
2.626384541758048726e+03,2.683337597936520602e+00,2.383513434598197644e+00,2.904406530109826523e+00,-8.472735648417341281e+01,2.175472406075965814e+00,2.975988851931953061e+00,-2.566787037748942879e+01,2.318458645911129601e+00,1.480993442035093699e-01,-5.541956970772930191e+01,2.217694549354034095e+00,1.583074439242767584e-01,-3.112281972709568301e+00,-4.361476452145281180e-02,-7.991191655570332175e-01,6.921630428942080471e+00,4.126507968010004364e-03,4.345401887856253399e-03,1.768694945504553218e+01,-6.551907168167744877e-02,6.488305843313179366e+02,1.046896930419120436e-01,3.078514826761214462e-01,-1.544840397783899588e+00
5.799046195813356462e+03,2.683265659937738246e+00,2.383513333829456293e+00,2.904406736442773251e+00,-8.472760247093458474e+01,2.175472518695509283e+00,2.975988607214349546e+00,-2.566740873746413598e+01,2.318458627888306367e+00,1.480991545182557823e-01,-5.541937658860335603e+01,2.217694515205159256e+00,1.583074841386556963e-01,-3.112526636443243788e+00,-4.361244562200396885e-02,-7.991182890053465382e-01,6.921631212738350136e+00,4.126505466696262295e-03,4.345393473005209999e-03,1.768704750647014379e+01,-6.566293620761887162e-02,6.488303057649000039e+02,1.046418225909958588e-01,3.078743818483620776e-01,-1.544839743427453227e+00
2.670865969956965273e+03,2.683193105924012833e+00,2.383513511755210423e+00,2.904406800953425183e+00,-8.472762038916413019e+01,2.175472337436458403e+00,2.975988411028798630e+00,-2.566720724510689067e+01,2.318458489016157920e+00,1.480990288817808642e-01,-5.541927768501338392e+01,2.217694606130973689e+00,1.583074655242810158e-01,-3.112669726049142493e+00,-4.360781108270780221e-02,-7.991173919895199207e-01,6.921629914749724222e+00,4.126504188906412671e-03,4.345392760593754650e-03,1.768684045608901911e+01,-6.582753042253748632e-02,6.488319966831893453e+02,1.046845649124965444e-01,3.078608993706292152e-01,-1.544840058584407982e+00
5.999298351126170019e+03,2.683123456986722832e+00,2.383513404066630592e+00,2.904407003140949239e+00,-8.472786759806184875e+01,2.175472456612812522e+00,2.975988167708098153e+00,-2.566674818428503357e+01,2.318458472024683914e+00,1.480988427924860018e-01,-5.541908650377464340e+01,2.217694571713333396e+00,1.583075043455776931e-01,-3.112911905253476608e+00,-4.360557929534652349e-02,-7.991165808988605068e-01,6.921630738977683883e+00,4.126501605406905464e-03,4.345384585740154175e-03,1.768694390980415676e+01,-6.596674390509213448e-02,6.488316652489676244e+02,1.046356900142110247e-01,3.078838726144200177e-01,-1.544839406386450564e+00
2.703859253341557633e+03,2.683053154926990924e+00,2.383513583121229296e+00,2.904407057779329282e+00,-8.472788047326942262e+01,2.175472273467474071e+00,2.975987975901971172e+00,-2.566655649323978139e+01,2.318458331190115462e+00,1.480987206642793985e-01,-5.541899122354939067e+01,2.217694665333208803e+00,1.583074840541286721e-01,-3.113050415877305799e+00,-4.360095884937660593e-02,-7.991157433879487737e-01,6.921629448693733977e+00,4.126500263160566215e-03,4.345384237381052193e-03,1.768673426252210845e+01,-6.612421021580748570e-02,6.488333598168217122e+02,1.046792891876146131e-01,3.078696560596367870e-01,-1.544839747537710917e+00
6.187422564873399097e+03,2.682985959387610198e+00,2.383513469225134074e+00,2.904407252667575268e+00,-8.472812896168878183e+01,2.175472398514916694e+00,2.975987736686220408e+00,-2.566609873699267652e+01,2.318458315026422856e+00,1.480985407460478076e-01,-5.541880095293849706e+01,2.217694630585243409e+00,1.583075181459175917e-01,-3.113288763740070575e+00,-4.359879283450721760e-02,-7.991149650378692737e-01,6.921630320018738125e+00,4.126497592709593015e-03,4.345376391063499044e-03,1.768684213014310913e+01,-6.624852253753656106e-02,6.488329815878621503e+02,1.046292023482538747e-01,3.078925935306906503e-01,-1.544839107145105528e+00
2.742299088023515651e+03,2.682917603670829543e+00,2.383513649177281923e+00,2.904407297622841000e+00,-8.472813689813416715e+01,2.175472213750520023e+00,2.975987549674942390e+00,-2.566591619552498216e+01,2.318458172897509773e+00,1.480984233882090551e-01,-5.541870910128624672e+01,2.217694726247377179e+00,1.583074950337462206e-01,-3.113422774050290442e+00,-4.359419326521385418e-02,-7.991141773904668621e-01,6.921629042593292702e+00,4.126496194014867870e-03,4.345376353782766723e-03,1.768662997116762625e+01,-6.640241526203259637e-02,6.488346775772889714e+02,1.046737011663369799e-01,3.078777751583584021e-01,-1.544839465768725884e+00
6.338272929459122679e+03,2.682852176728445226e+00,2.383513530237744149e+00,2.904407489663550557e+00,-8.472838561666098656e+01,2.175472343443763279e+00,2.975987310727850499e+00,-2.566546199629069491e+01,2.318458157484918125e+00,1.480982450249501148e-01,-5.541852064153364665e+01,2.217694691407298357e+00,1.583075293180777887e-01,-3.113658731571597116e+00,-4.359209526680345864e-02,-7.991134641344089795e-01,6.921629935863665040e+00,4.126493464712761502e-03,4.345368558152141319e-03,1.768674222991919365e+01,-6.652894464856920487e-02,6.488342647738438700e+02,1.046231146720440902e-01,3.079009320395299509e-01,-1.544838819067039015e+00
2.762181689075554459e+03,2.682785951789223411e+00,2.383513710546316666e+00,2.904407526277220430e+00,-8.472838998356925799e+01,2.175472157681331620e+00,2.975987127062579063e+00,-2.566528588228901597e+01,2.318458014477200013e+00,1.480981317422908339e-01,-5.541843090729736332e+01,2.217694788397953420e+00,1.583075032662809023e-01,-3.113787050456901628e+00,-4.358750690484786833e-02,-7.991127202429177956e-01,6.921628664056947322e+00,4.126492009386613716e-03,4.345368754571576723e-03,1.768652797361531981e+01,-6.667540580570337216e-02,6.488359645615216778e+02,1.046681811371925341e-01,3.078854557420229177e-01,-1.544839195453184155e+00
6.471889789396467677e+03,2.682722467626738716e+00,2.383513586615158442e+00,2.904407712435356004e+00,-8.472863900018765548e+01,2.175472291999597019e+00,2.975986891304074344e+00,-2.566483403794702411e+01,2.318457999801777358e+00,1.480979579232180876e-01,-5.541824410784535360e+01,2.217694753393086415e+00,1.583075345685385771e-01,-3.114020939575908642e+00,-4.358547109045534523e-02,-7.991120438493525269e-01,6.921629583017328891e+00,4.126489221723707648e-03,4.345361159601547965e-03,1.768664394923061423e+01,-6.679434437339172581e-02,6.488355167666919670e+02,1.046166601416202435e-01,3.079085975598432889e-01,-1.544838553442155371e+00
2.790286351040649606e+03,2.682657666442511246e+00,2.383513767201033140e+00,2.904407741803627818e+00,-8.472863960979343290e+01,2.175472105339558926e+00,2.975986710654192180e+00,-2.566466533908771197e+01,2.318457855466822259e+00,1.480978478073872451e-01,-5.541815733563805679e+01,2.217694852301791641e+00,1.583075067400362135e-01,-3.114147713084869373e+00,-4.358089825803287964e-02,-7.991113441492382341e-01,6.921628300275492585e+00,4.126487728096459723e-03,4.345361599366078312e-03,1.768642829704431207e+01,-6.693720129330264779e-02,6.488372202197368779e+02,1.046622197069870253e-01,3.078927127163635369e-01,-1.544838942946518801e+00
6.584954689488546137e+03,2.682595831163143263e+00,2.383513639141782381e+00,2.904407924733859669e+00,-8.472888870648479553e+01,2.175472243413337559e+00,2.975986475583119351e+00,-2.566421644247333944e+01,2.318457841214997206e+00,1.480976759246909191e-01,-5.541797207451909202e+01,2.217694817372189320e+00,1.583075373560867694e-01,-3.114379751408335117e+00,-4.357891363269406071e-02,-7.991107162406186903e-01,6.921629227696257658e+00,4.126484892423592198e-03,4.345354078294128182e-03,1.768654767517764625e+01,-6.705753079174210651e-02,6.488367469944791992e+02,1.046103107536099780e-01,3.079159805910159364e-01,-1.544838296843693115e+00
2.805449294049489254e+03,2.682532888239106850e+00,2.383513819643608755e+00,2.904407947032073611e+00,-8.472888633974652350e+01,2.175472056256017694e+00,2.975986297792594382e+00,-2.566405378427748829e+01,2.318457696241654986e+00,1.480975692857847692e-01,-5.541788729440579431e+01,2.217694917358418394e+00,1.583075070553844055e-01,-3.114502047309519739e+00,-4.357435585377458787e-02,-7.991100550173549921e-01,6.921627941377873405e+00,4.126483357614546717e-03,4.345354676175679741e-03,1.768633022265870025e+01,-6.719508348177791190e-02,6.488384529748472005e+02,1.046564742547445026e-01,3.078996269028090316e-01,-1.544838700393006192e+00
6.708212827548850328e+03,2.682473054337085383e+00,2.383513687250584656e+00,2.904408122145720750e+00,-8.472913603092382573e+01,2.175472198328135320e+00,2.975986067524962753e+00,-2.566360627167784969e+01,2.318457682932601127e+00,1.480974038909829427e-01,-5.541770255401369383e+01,2.217694881815074126e+00,1.583075320537150887e-01,-3.114730113995956451e+00,-4.357241835527034951e-02,-7.991094421345241727e-01,6.921628909305231225e+00,4.126480458749990331e-03,4.345347358537010249e-03,1.768645309601451387e+01,-6.730229938921238053e-02,6.488379506324004069e+02,1.046037718635952074e-01,3.079229377973328186e-01,-1.544838068234876127e+00
2.852310640666833933e+03,2.682411418251810620e+00,2.383513868035411321e+00,2.904408137504761900e+00,-8.472912972499744910e+01,2.175472010303808101e+00,2.975985893087935263e+00,-2.566345105856553843e+01,2.318457537090527154e+00,1.480973010845299531e-01,-5.541762082948007162e+01,2.217694983296785605e+00,1.583074994578312356e-01,-3.114850447651689613e+00,-4.356788322777586236e-02,-7.991088200862136448e-01,6.921627616485261036e+00,4.126478899531286527e-03,4.345348098695774389e-03,1.768623536607582736e+01,-6.744038814960293116e-02,6.488396603579185467e+02,1.046504790729625156e-01,3.079062133960107084e-01,-1.544838479407106391e+00
6.807194012114963698e+03,2.682353200412025185e+00,2.383513731705196204e+00,2.904408307645539367e+00,-8.472937949130928814e+01,2.175472155969024435e+00,2.975985665387204104e+00,-2.566300642730232795e+01,2.318457523611015869e+00,1.480971395437521709e-01,-5.541743815344327828e+01,2.217694948421650381e+00,1.583075218224249681e-01,-3.115079078728702378e+00,-4.356599181493955170e-02,-7.991082367181633339e-01,6.921628579653475555e+00,4.126475976080524674e-03,4.345340885272601372e-03,1.768636097423186371e+01,-6.754034329943969794e-02,6.488391350395244217e+02,1.045973958325490671e-01,3.079297067153757839e-01,-1.544837852323496685e+00
2.878660802110734949e+03,2.682293267293159200e+00,2.383513912478923746e+00,2.904408313722816715e+00,-8.472937041529647217e+01,2.175471967431537479e+00,2.975985496288723109e+00,-2.566285620293266589e+01,2.318457377087705940e+00,1.480970434222391718e-01,-5.541735828357056448e+01,2.217695050950153846e+00,1.583074834394585240e-01,-3.115194668536468647e+00,-4.356146842554466103e-02,-7.991076284246956263e-01,6.921627290375330865e+00,4.126474386477207643e-03,4.345341803896415542e-03,1.768614227148498586e+01,-6.767054880828390906e-02,6.488408474726717259e+02,1.046446027744903084e-01,3.079124987367231614e-01,-1.544838281701319760e+00
6.900712274951260042e+03,2.682236544612040419e+00,2.383513772302936040e+00,2.904408479434301249e+00,-8.472962023186420311e+01,2.175472116606757655e+00,2.975985270833433116e+00,-2.566241386767175214e+01,2.318457364346518279e+00,1.480968853424290965e-01,-5.541717666787663177e+01,2.217695015729421293e+00,1.583075033411634469e-01,-3.115420283853351791e+00,-4.355962424818934919e-02,-7.991070728843460147e-01,6.921628273924174124e+00,4.126471421592374338e-03,4.345334612281722894e-03,1.768627121694036575e+01,-6.776682926331042967e-02,6.488402985287117417e+02,1.045910119231229091e-01,3.079360282815123417e-01,-1.544837651398321299e+00
2.908931138742911571e+03,2.682178010538778246e+00,2.383513953065709234e+00,2.904408477645859854e+00,-8.472960819626291595e+01,2.175471927562678154e+00,2.975985106075109243e+00,-2.566226939295803433e+01,2.318457216931989251e+00,1.480967942967775230e-01,-5.541709906398969565e+01,2.217695119581907459e+00,1.583074608383548409e-01,-3.115534439290332802e+00,-4.355511422803894778e-02,-7.991064818090785060e-01,6.921626981723635552e+00,4.126469811505203977e-03,4.345335674411544488e-03,1.768605114531773737e+01,-6.788985604888427006e-02,6.488420140311911837e+02,1.046387082120478207e-01,3.079185661173348132e-01,-1.544838096036781350e+00
6.988871804450387572e+03,2.682122884779126970e+00,2.383513809221768476e+00,2.904408638668048770e+00,-8.472985799460434464e+01,2.175472080083195703e+00,2.975984883364423794e+00,-2.566182948171810807e+01,2.318457205270407773e+00,1.480966406474761854e-01,-5.541691850148327347e+01,2.217695083698801195e+00,1.583074772719960666e-01,-3.115756908639454537e+00,-4.355331834946672698e-02,-7.991059467292319640e-01,6.921627980701434701e+00,4.126466813472152127e-03,4.345328549149318764e-03,1.768618247187480108e+01,-6.798257020283073049e-02,6.488414436455465193e+02,1.045845641872644310e-01,3.079421713383424519e-01,-1.544837462100419279e+00
2.949156253952958650e+03,2.682065719365139600e+00,2.383513989943223610e+00,2.904408631393257334e+00,-8.472984281996805578e+01,2.175471890575054523e+00,2.975984721207558081e+00,-2.566169166334449514e+01,2.318457057505236563e+00,1.480965524685929624e-01,-5.541684333408251462e+01,2.217695188432081022e+00,1.583074330775124106e-01,-3.115868377300032410e+00,-4.354883186284481955e-02,-7.991053878865995719e-01,6.921626672735248675e+00,4.126465190766025540e-03,4.345329660785458674e-03,1.768596222774332460e+01,-6.810469507606341233e-02,6.488431639293795570e+02,1.046328500551219898e-01,3.079244089633511594e-01,-1.544837913682112429e+00
7.053687490662747223e+03,2.682011666352837498e+00,2.383513842895316870e+00,2.904408790401939555e+00,-8.473009196677156751e+01,2.175472045957292266e+00,2.975984499064848077e+00,-2.566125551497803414e+01,2.318457046195629534e+00,1.480964000532560276e-01,-5.541666487036148681e+01,2.217695152763440092e+00,1.583074495473325849e-01,-3.116091082951441660e+00,-4.354708506176764582e-02,-7.991048925701327299e-01,6.921627655187011285e+00,4.126462184771749996e-03,4.345322477920957570e-03,1.768609600120669256e+01,-6.820226159620521034e-02,6.488425769598306942e+02,1.045784986789206061e-01,3.079482079399704642e-01,-1.544837272032015818e+00
2.358184088862988574e+03,2.681949625982585239e+00,2.383513914730290839e+00,2.904408743628490441e+00,-8.473004358961495086e+01,2.175471969676349371e+00,2.975984501977823271e+00,-2.566129439749643026e+01,2.318457023308007958e+00,1.480963822165814736e-01,-5.541665859832488650e+01,2.217695170374994973e+00,1.583074502622822122e-01,-3.116101306026589413e+00,-4.354618810871852680e-02,-7.991049109039674025e-01,6.921627913559518674e+00,4.126461566090292368e-03,4.345323139777689317e-03,1.768602309466123401e+01,-6.821222927627196286e-02,6.488430603314263863e+02,1.045862226802269229e-01,3.079443915381294139e-01,-1.544837502754322633e+00
1.029852375758819107e+03,2.681925890498048748e+00,2.383513941364554078e+00,2.904408775363783501e+00,-8.473006585757123332e+01,2.175471941859880687e+00,2.975984426300590791e+00,-2.566121824718468858e+01,2.318456985831076178e+00,1.480963580578406324e-01,-5.541662591840955088e+01,2.217695193529221065e+00,1.583074313018500157e-01,-3.116146479938333158e+00,-4.354498445986073468e-02,-7.991047496920899995e-01,6.921627470413445948e+00,4.126460978784823354e-03,4.345323908902895549e-03,1.768598571915636697e+01,-6.824770539711157158e-02,6.488434293542279647e+02,1.045961721120453880e-01,3.079418871457609286e-01,-1.544837494256450006e+00
2.202918116122815263e+03,2.681882205187795964e+00,2.383513941985046181e+00,2.904408838159867834e+00,-8.473016811649053182e+01,2.175471941796840447e+00,2.975984276421745012e+00,-2.566098205349564765e+01,2.318456916553417457e+00,1.480962782595076632e-01,-5.541653467882817097e+01,2.217695228510245364e+00,1.583074085407811249e-01,-3.116266849819955276e+00,-4.354262077561610322e-02,-7.991042863612607405e-01,6.921626898025428964e+00,4.126459512040515747e-03,4.345322392604907338e-03,1.768595812985878624e+01,-6.832591952651655143e-02,6.488438414338542088e+02,1.045988590014320652e-01,3.079426440604649540e-01,-1.544837436326496283e+00
1.734652373265234928e+03,2.681797833804598241e+00,2.383513970088297018e+00,2.904408931610529709e+00,-8.473034355697102171e+01,2.175471912273342578e+00,2.975983992972018655e+00,-2.566054704662406039e+01,2.318456789612375779e+00,1.480960951463773378e-01,-5.541634253659250220e+01,2.217695286225891405e+00,1.583073841467360354e-01,-3.116517499219358278e+00,-4.353776475357614556e-02,-7.991035059761397719e-01,6.921626565355054161e+00,4.126455988395673694e-03,4.345316840544802273e-03,1.768588550205051391e+01,-6.849742786181751975e-02,6.488447558663996233e+02,1.045975951538291315e-01,3.079451105047905091e-01,-1.544837301447358868e+00
2.303769954373345172e+03,2.681631750108037782e+00,2.383514001180489394e+00,2.904409131687646806e+00,-8.473070868093662966e+01,2.175471877424667078e+00,2.975983402363945096e+00,-2.565966141027478997e+01,2.318456545127155710e+00,1.480957450597842062e-01,-5.541594815119183437e+01,2.217695391138147620e+00,1.583073156746901688e-01,-3.117028915401968359e+00,-4.352820560997371774e-02,-7.991020490612823490e-01,6.921626171016306728e+00,4.126448360676298298e-03,4.345307377802923136e-03,1.768576643482206379e+01,-6.880251930116064452e-02,6.488464365048633908e+02,1.045836897844803076e-01,3.079555571940720826e-01,-1.544837035595275632e+00
1.413226338006319565e+03,2.681310397918608590e+00,2.383514076250381031e+00,2.904409439820651695e+00,-8.473141677743664957e+01,2.175471787478161723e+00,2.975982242237267261e+00,-2.565792029859155576e+01,2.318456017585177609e+00,1.480951159774998027e-01,-5.541518188310850235e+01,2.217695638350021259e+00,1.583070997156453275e-01,-3.118031801702819017e+00,-4.350864085914819823e-02,-7.990992268844302471e-01,6.921624441414618190e+00,4.126433268586505131e-03,4.345288178305615166e-03,1.768549539056550302e+01,-6.938594498487725415e-02,6.488501171282218820e+02,1.045770411177246867e-01,3.079668399776345211e-01,-1.544836940825121019e+00
2.356334417024447248e+03,2.680716280822099673e+00,2.383514059523195172e+00,2.904409770997268048e+00,-8.473285676171468594e+01,2.175471750848888774e+00,2.975980002289348558e+00,-2.565445818489536833e+01,2.318455012031026108e+00,1.480939147853226612e-01,-5.541360162019375935e+01,2.217696077061285465e+00,1.583065589773473836e-01,-3.120080946404482525e+00,-4.347005261409952331e-02,-7.990946165483487906e-01,6.921622828731705646e+00,4.126398155887577024e-03,4.345256006094777058e-03,1.768509469818960511e+01,-7.042876931352268222e-02,6.488569784727300203e+02,1.045070650488845176e-01,3.080163320976099239e-01,-1.544835291912396213e+00
1.142821782287515816e+03,2.679801266983706132e+00,2.383513842998034260e+00,2.904409755800037019e+00,-8.473562177067202583e+01,2.175471753715087608e+00,2.975975269717345384e+00,-2.564779011130798736e+01,2.318452630779669565e+00,1.480922086075869004e-01,-5.541066385049477105e+01,2.217697302760532452e+00,1.583046238462234578e-01,-3.123840804129741855e+00,-4.339019147983227964e-02,-7.990888719745550262e-01,6.921607699704398264e+00,4.126328054046370097e-03,4.345153685792778504e-03,1.768420351706449978e+01,-7.262898291697456044e-02,6.488730226273023618e+02,1.045426621914557069e-01,3.080242797669048849e-01,-1.544838573139444282e+00
9.424963730872867018e+03,2.679661187062664762e+00,2.383513663510999248e+00,2.904409696762073168e+00,-8.473578889116672030e+01,2.175471937522729160e+00,2.975975304568860391e+00,-2.564755285573119892e+01,2.318452689531972144e+00,1.480920784974831261e-01,-5.541054772302911857e+01,2.217697222924941425e+00,1.583046878125741463e-01,-3.123972113031420861e+00,-4.339043802120999549e-02,-7.990886469360936051e-01,6.921610251901522126e+00,4.126325109674843991e-03,4.345146391867817960e-03,1.768438190287943357e+01,-7.266310519795728118e-02,6.488719113960859204e+02,1.044693236760603078e-01,3.080549369280357608e-01,-1.544837308509266594e+00
2.111598212082004466e+03,2.679610268689059271e+00,2.383513796328340373e+00,2.904409565749202393e+00,-8.473577225260028456e+01,2.175471780043354286e+00,2.975975141722011497e+00,-2.564741043415867594e+01,2.318452559173090677e+00,1.480919811506626882e-01,-5.541041029016282238e+01,2.217697293127945279e+00,1.583045807927326853e-01,-3.124146421425187725e+00,-4.338525911650050609e-02,-7.990882597215496208e-01,6.921610648893193662e+00,4.126319562188105784e-03,4.345150370717667382e-03,1.768420200083386007e+01,-7.279767014142256298e-02,6.488737223671993206e+02,1.044860235613828681e-01,3.080570695517603763e-01,-1.544836018271392053e+00
7.568077978728793823e+03,2.679590785589439861e+00,2.383513616645680067e+00,2.904409632965226251e+00,-8.473598959227157934e+01,2.175471956030122556e+00,2.975974940924761558e+00,-2.564704406709703122e+01,2.318452549791500061e+00,1.480918996053569858e-01,-5.541024402787864744e+01,2.217697256003559048e+00,1.583045105683494325e-01,-3.124341242562599597e+00,-4.338364398070253952e-02,-7.990879442122852394e-01,6.921611534149411327e+00,4.126315169310078301e-03,4.345149719147502372e-03,1.768435439778900076e+01,-7.285526139809997415e-02,6.488732579069088615e+02,1.044281906047268282e-01,3.080867852140815044e-01,-1.544834976477299726e+00
2.561660783611874649e+03,2.679527596335102846e+00,2.383513685086574796e+00,2.904409573445739579e+00,-8.473593528472810021e+01,2.175471882004636370e+00,2.975974952375235461e+00,-2.564709679429494926e+01,2.318452530084985419e+00,1.480918895218301945e-01,-5.541024172134978443e+01,2.217697271666951853e+00,1.583045055394640410e-01,-3.124345370058439375e+00,-4.338284418150493982e-02,-7.990880031081619705e-01,6.921611742380681775e+00,4.126314520031893265e-03,4.345150857613321385e-03,1.768428511970632755e+01,-7.286185888073133665e-02,6.488737511011451033e+02,1.044369479761280001e-01,3.080827458305850364e-01,-1.544835164621346735e+00
1.005841069142079505e+03,2.679508677354144996e+00,2.383513702430311909e+00,2.904409571904091436e+00,-8.473594723769650727e+01,2.175471859990409929e+00,2.975974889799292367e+00,-2.564704390480498475e+01,2.318452490407856725e+00,1.480918826946139577e-01,-5.541021827927939114e+01,2.217697298123392002e+00,1.583044667945708861e-01,-3.124375065913866045e+00,-4.338170445628476007e-02,-7.990879117343006044e-01,6.921611005286388618e+00,4.126313810125259787e-03,4.345152868855917463e-03,1.768425107845598276e+01,-7.288631995833010080e-02,6.488741894628695945e+02,1.044504122057094420e-01,3.080795386450344009e-01,-1.544835078292649655e+00
2.366375968291118625e+03,2.679492263485194314e+00,2.383513675866870685e+00,2.904409570334244517e+00,-8.473600329040684187e+01,2.175471883066423473e+00,2.975974821125196179e+00,-2.564692807129278407e+01,2.318452452224742277e+00,1.480918579176556116e-01,-5.541017622945928167e+01,2.217697318316574240e+00,1.583044304463866181e-01,-3.124428490918251367e+00,-4.338056800540276980e-02,-7.990877274925380913e-01,6.921610382751464563e+00,4.126312821905287788e-03,4.345152814870545735e-03,1.768425414972554321e+01,-7.292531616510106174e-02,6.488744039361808973e+02,1.044523007319914931e-01,3.080805807580306310e-01,-1.544834921844233433e+00
1.853750968447920968e+03,2.679462010431652885e+00,2.383513660282317925e+00,2.904409538063827068e+00,-8.473608070116949875e+01,2.175471888613931259e+00,2.975974691829660124e+00,-2.564673622086813509e+01,2.318452378186776297e+00,1.480917977096608551e-01,-5.541008640232466576e+01,2.217697355175592744e+00,1.583043641403714397e-01,-3.124537885364919276e+00,-4.337801530335170380e-02,-7.990874493362658537e-01,6.921609727661209632e+00,4.126310394111804176e-03,4.345150564821240007e-03,1.768423007615684384e+01,-7.298863132214489235e-02,6.488750190002261888e+02,1.044543199599705513e-01,3.080810865413289856e-01,-1.544834763232137087e+00
2.495880656410892698e+03,2.679402571106708209e+00,2.383513600573273106e+00,2.904409511353264861e+00,-8.473625431441088551e+01,2.175471928711214087e+00,2.975974401501093602e+00,-2.564633536709900241e+01,2.318452244597178691e+00,1.480916750182963149e-01,-5.540989585891502145e+01,2.217697413855501232e+00,1.583042323335504542e-01,-3.124774814503999298e+00,-4.337317125585730265e-02,-7.990869785545557935e-01,6.921608919557597162e+00,4.126305154402335786e-03,4.345144417994846638e-03,1.768421673958365403e+01,-7.313240928555393705e-02,6.488760055319494313e+02,1.044456949708702093e-01,3.080877542106114086e-01,-1.544834499880703094e+00
1.658315871642327693e+03,2.679286532846423707e+00,2.383513513290814512e+00,2.904409442476974412e+00,-8.473657351409455885e+01,2.175471972768276085e+00,2.975973806534744970e+00,-2.564556445461932910e+01,2.318451949889381858e+00,1.480914478483879304e-01,-5.540953264436747361e+01,2.217697558394223556e+00,1.583039452866410179e-01,-3.125218746855902285e+00,-4.336307943553163041e-02,-7.990860687135986629e-01,6.921606590050109808e+00,4.126295062481554095e-03,4.345131252819097595e-03,1.768414666308258987e+01,-7.341435458579670392e-02,6.488782969233444646e+02,1.044482620652547322e-01,3.080918727499316057e-01,-1.544834529022650838e+00
2.704515550694537524e+03,2.679071649043284875e+00,2.383513235077783676e+00,2.904409247815921802e+00,-8.473723885278677415e+01,2.175472158186865901e+00,2.975972640044147521e+00,-2.564402457112968747e+01,2.318451425991812087e+00,1.480909348517193136e-01,-5.540876488897414731e+01,2.217697781140806068e+00,1.583034099516119342e-01,-3.126158193163603105e+00,-4.334374313609807433e-02,-7.990847580261288829e-01,6.921604097509651332e+00,4.126271974298888895e-03,4.345107843003195858e-03,1.768411683969000947e+01,-7.398632344142483386e-02,6.488822416399012809e+02,1.044062724973467138e-01,3.081237273476076788e-01,-1.544833538388946437e+00
1.076864442553662229e+03,2.678753132146690419e+00,2.383512718804714492e+00,2.904408722339163251e+00,-8.473848790267261677e+01,2.175472454507075604e+00,2.975970160950972332e+00,-2.564106154680700200e+01,2.318450123964257870e+00,1.480902535602000858e-01,-5.540740459506652371e+01,2.217698474555246602e+00,1.583019466620134152e-01,-3.127801491435769243e+00,-4.330304269529287181e-02,-7.990821374459954329e-01,6.921591237539266750e+00,4.126230134548457273e-03,4.345043601564162888e-03,1.768387973255754630e+01,-7.497093233652252220e-02,6.488917353252509201e+02,1.044577582021192358e-01,3.081087260758627044e-01,-1.544836495251130426e+00
6.575358135472719368e+03,2.678656169280373867e+00,2.383512605734586121e+00,2.904408709751947537e+00,-8.473858730612275281e+01,2.175472570039336695e+00,2.975970166728614696e+00,-2.564092851808027618e+01,2.318450153693455640e+00,1.480901979308946459e-01,-5.540735069164708193e+01,2.217698435017911862e+00,1.583019694114785048e-01,-3.127861454682665521e+00,-4.330335164267000436e-02,-7.990820010260534234e-01,6.921592141871254711e+00,4.126228972787882379e-03,4.345039262631416807e-03,1.768398942610538782e+01,-7.498582460383858284e-02,6.488910951173354533e+02,1.044249137041722564e-01,3.081226296531018871e-01,-1.544835928243158518e+00
2.441788595975678618e+03,2.678618196704889876e+00,2.383512612679309139e+00,2.904408580281890639e+00,-8.473859061665569925e+01,2.175472548468529332e+00,2.975970143737812990e+00,-2.564086876267499093e+01,2.318450136289158525e+00,1.480901008870096902e-01,-5.540725968219448561e+01,2.217698423308152034e+00,1.583019602513164314e-01,-3.127966188140753001e+00,-4.330145412056423532e-02,-7.990819760859845244e-01,6.921594100878425415e+00,4.126224848083862203e-03,4.345037063027202759e-03,1.768396942536844563e+01,-7.503461442850073437e-02,6.488914983087286146e+02,1.043995118699779928e-01,3.081359503264328725e-01,-1.544835091765298207e+00
3.070180341077242701e+03,2.678567902219902042e+00,2.383512518428434479e+00,2.904408543029929124e+00,-8.473873489030845008e+01,2.175472612187865806e+00,2.975969822822429833e+00,-2.564053545688775060e+01,2.318450013504226970e+00,1.480900126524569427e-01,-5.540707517637520851e+01,2.217698470929444721e+00,1.583017726143450266e-01,-3.128179724304618325e+00,-4.329680589182528100e-02,-7.990816530695696862e-01,6.921593474101986665e+00,4.126217923294145731e-03,4.345038821774083529e-03,1.768398333334625150e+01,-7.518309299034775517e-02,6.488925485419810002e+02,1.043870385575594723e-01,3.081522255429940960e-01,-1.544834084433452714e+00
1.204933743502322613e+03,2.678473422000435367e+00,2.383512355120529502e+00,2.904408327840141357e+00,-8.473901951530002918e+01,2.175472709833046636e+00,2.975969252155399758e+00,-2.563985293989362901e+01,2.318449703044873633e+00,1.480897942520838784e-01,-5.540673475843396290e+01,2.217698626607126133e+00,1.583014150100857387e-01,-3.128580240363620479e+00,-4.328660930979138372e-02,-7.990808116049684662e-01,6.921590243489720962e+00,4.126206265395715271e-03,4.345026077557623614e-03,1.768394904318304839e+01,-7.546784352556699937e-02,6.488951586211517224e+02,1.043969464033106809e-01,3.081540376488566269e-01,-1.544833841245104145e+00
3.517423160789077883e+03,2.678318791996511905e+00,2.383511870033953706e+00,2.904407931305249768e+00,-8.473964065448143401e+01,2.175473056729168242e+00,2.975968057887345974e+00,-2.563847207765969571e+01,2.318449185264774837e+00,1.480893152054141015e-01,-5.540598596105434837e+01,2.217698833445781670e+00,1.583007164920237630e-01,-3.129443289611606005e+00,-4.326761674067224062e-02,-7.990796967913811333e-01,6.921587514323889856e+00,4.126178676073241972e-03,4.345003888175907013e-03,1.768405971958300427e+01,-7.593123975176506446e-02,6.488992250057317506e+02,1.043370578417055078e-01,3.081947136747111848e-01,-1.544832578768570164e+00
1.259153967639213079e+03,2.678307694510413839e+00,2.383511914658896114e+00,2.904407850218454268e+00,-8.473965295168542866e+01,2.175472986642053463e+00,2.975967869136186383e+00,-2.563835097997703727e+01,2.318449001326215342e+00,1.480893398477054201e-01,-5.540595834759230343e+01,2.217698974513763854e+00,1.583005235723148052e-01,-3.129479779309386256e+00,-4.326359325305198511e-02,-7.990792042474020862e-01,6.921583953298922509e+00,4.126177286651482902e-03,4.345001043788731566e-03,1.768392055252725115e+01,-7.603501161807342534e-02,6.489008638143171765e+02,1.043975075170010397e-01,3.081678004384121872e-01,-1.544833585121835773e+00
2.858397065475164709e+03,2.678257186227562592e+00,2.383511840113028857e+00,2.904407889665361342e+00,-8.473972178323427329e+01,2.175473063178280153e+00,2.975967832510562516e+00,-2.563826018335876356e+01,2.318449011361015888e+00,1.480893218473965378e-01,-5.540593381273926354e+01,2.217698959249548629e+00,1.583005233042215631e-01,-3.129506816106429223e+00,-4.326381709612067694e-02,-7.990791427818598747e-01,6.921583823919197798e+00,4.126177102156554886e-03,4.344998398928622864e-03,1.768399024069198333e+01,-7.604208248235881651e-02,6.489005143163826688e+02,1.043869899849426963e-01,3.081725789556158945e-01,-1.544833320220238893e+00
3.201166750443428100e+03,2.678243574401270699e+00,2.383511805674966233e+00,2.904407841353092046e+00,-8.473975482341471377e+01,2.175473090940845733e+00,2.975967804056952382e+00,-2.563819354494189184e+01,2.318449000727726528e+00,1.480892693600138754e-01,-5.540588808533544096e+01,2.217698954510770815e+00,1.583005174214184019e-01,-3.129558398946592934e+00,-4.326304344880327335e-02,-7.990791105345261824e-01,6.921584403310812483e+00,4.126175467581882222e-03,4.344993436343503115e-03,1.768401107968149688e+01,-7.606494281752074205e-02,6.489005544672260157e+02,1.043715178380148212e-01,3.081774103373738360e-01,-1.544833292850768869e+00
2.132035619413689346e+03,2.678231969825856762e+00,2.383511790543218822e+00,2.904407817699902861e+00,-8.473977720436268157e+01,2.175473095841110371e+00,2.975967722052366593e+00,-2.563812883391724640e+01,2.318448966901716091e+00,1.480892410083289590e-01,-5.540584311146272967e+01,2.217698968760152045e+00,1.583004708687349993e-01,-3.129609847707169656e+00,-4.326176301131948870e-02,-7.990790700913017464e-01,6.921584409943124960e+00,4.126173646421989194e-03,4.344990593902410721e-03,1.768400493386288730e+01,-7.609899983312054528e-02,6.489008838393433507e+02,1.043685891854252284e-01,3.081787858681718228e-01,-1.544833325246924627e+00
2.585516595340530330e+03,2.678209469981698287e+00,2.383511725468902664e+00,2.904407782993479792e+00,-8.473985426413665323e+01,2.175473142424040329e+00,2.975967554651554270e+00,-2.563795986551475536e+01,2.318448897922192664e+00,1.480891822338311070e-01,-5.540575306026134683e+01,2.217698998297889634e+00,1.583003781599606197e-01,-3.129712607059239815e+00,-4.325937695179918330e-02,-7.990789290762967401e-01,6.921583930715332400e+00,4.126170259045385154e-03,4.344986326812049111e-03,1.768402146718786128e+01,-7.617981594766169706e-02,6.489014041467276002e+02,1.043637200207823135e-01,3.081828275753327184e-01,-1.544833298289779888e+00
1.927282266003698169e+03,2.678164687097586150e+00,2.383511616705481728e+00,2.904407668380666330e+00,-8.473999177839850461e+01,2.175473212198827611e+00,2.975967245613071466e+00,-2.563763586433607600e+01,2.318448741235377142e+00,1.480890780513742233e-01,-5.540558391483660472e+01,2.217699075457410629e+00,1.583001747832825934e-01,-3.129903322217518102e+00,-4.325428973149872403e-02,-7.990785295732051319e-01,6.921582434100312042e+00,4.126163772695669134e-03,4.344978735580832564e-03,1.768402247026707386e+01,-7.629399353447155474e-02,6.489026866480401168e+02,1.043659486950768434e-01,3.081844522112552887e-01,-1.544833409359229748e+00
2.657462991657093880e+03,2.678078857774424559e+00,2.383511349839535498e+00,2.904407453978042231e+00,-8.474028684002128387e+01,2.175473400597768947e+00,2.975966620212716407e+00,-2.563698020894867469e+01,2.318448461654892157e+00,1.480888294203891453e-01,-5.540522783295664766e+01,2.217699196662164418e+00,1.582998054848381853e-01,-3.130309474862951635e+00,-4.324463088076273276e-02,-7.990779733807933383e-01,6.921580334240192478e+00,4.126149831387586342e-03,4.344963524185195547e-03,1.768408619331800580e+01,-7.658601111467333578e-02,6.489049040411805436e+02,1.043476133648223447e-01,3.081990154730772091e-01,-1.544833069338431342e+00
